{
  "ppp_pool": "10.99.0.0\/16,fd10:9900::\/48",
  "router_ppp_pool": "true",
  "excl_addr": null,
  "active_list": null,
  "lease_time": 60,
  "disabled_list": "disabled",
  "disabled_profile": "disabled",
  "unsuspend_date_fix": false,
  "unsuspend_fix_wait": "5",
  "pppoe_user_attr": "username",
  "pppoe_pass_attr": "password",
  "device_name_attr": "device",
  "mac_addr_attr": "macAddress",
  "dhcp6_duid_attr": "duid",
  "dhcp6_iaid_attr": "iaid",
  "ip_addr_attr": "ipAddress",
  "ip_addr6_attr": "ip6Address",
  "disabled_rate": "1",
  "auto_ppp_user": false,
  "pppoe_caller_attr": "callerId",
  "disable_contention": true,
  "hs_attr": "hotspot",
  "hs_enable": false,
  "auto_hs_user": false,
  "version": "0.0.0",
  "cache_version": "0.0.0",
  "last_cache": "2020-01-01",
  "last_net": "2020-01-01"

}