{
  "uuid": "bf6d0ea7-db25-4a31-a07c-38896eec4d69",
  "changeType": "edit",
  "entity": "service",
  "entityId": 347,
  "eventName": "service.edit",
  "extraData": {
    "entity": {
      "id": 347,
      "prepaid": false,
      "clientId": 1727,
      "status": 1,
      "name": "Internet 4Mbps",
      "fullAddress": null,
      "street1": null,
      "street2": null,
      "city": null,
      "countryId": null,
      "stateId": null,
      "zipCode": null,
      "note": null,
      "addressGpsLat": null,
      "addressGpsLon": null,
      "servicePlanId": 5,
      "servicePlanPeriodId": 25,
      "price": 40,
      "hasIndividualPrice": false,
      "totalPrice": 40,
      "currencyCode": "MWK",
      "invoiceLabel": null,
      "contractId": null,
      "contractLengthType": 1,
      "minimumContractLengthMonths": null,
      "activeFrom": "2022-06-18T00:00:00+0200",
      "activeTo": null,
      "contractEndDate": null,
      "discountType": 0,
      "discountValue": null,
      "discountInvoiceLabel": "Discount",
      "discountFrom": null,
      "discountTo": null,
      "tax1Id": null,
      "tax2Id": null,
      "tax3Id": null,
      "invoicingStart": "2022-06-18T00:00:00+0200",
      "invoicingPeriodType": 1,
      "invoicingPeriodStartDay": 18,
      "nextInvoicingDayAdjustment": 0,
      "invoicingProratedSeparately": true,
      "invoicingSeparately": false,
      "sendEmailsAutomatically": null,
      "useCreditAutomatically": true,
      "servicePlanName": "Internet 4Mbps",
      "servicePlanPrice": 40,
      "servicePlanPeriod": 1,
      "servicePlanType": "Internet",
      "downloadSpeed": 4,
      "uploadSpeed": 4,
      "hasOutage": false,
      "fccBlockId": null,
      "lastInvoicedDate": null,
      "unmsClientSiteId": "b293a423-e0ea-44a9-addf-2dbc59a297f1",
      "attributes": [
        {
          "id": "becb53ac-4a5b-4109-855c-42ef1e1cd68e",
          "serviceId": 347,
          "customAttributeId": 36,
          "name": "Device Name",
          "key": "deviceName",
          "value": "Test2",
          "clientZoneVisible": false
        },
        {
          "id": "8747f547-b1de-458b-bb43-b6a731480659",
          "serviceId": 347,
          "customAttributeId": 38,
          "name": "IP Address",
          "key": "ipAddress",
          "value": "192.168.6.118",
          "clientZoneVisible": false
        },
        {
          "id": "22c486f4-9909-4d34-851b-da1b9ec5adb4",
          "serviceId": 347,
          "customAttributeId": 40,
          "name": "Username",
          "key": "username",
          "value": "user347",
          "clientZoneVisible": false
        },
        {
          "id": "d76a7140-d407-4746-ad2b-ef365d402a2d",
          "serviceId": 347,
          "customAttributeId": 41,
          "name": "Password",
          "key": "password",
          "value": "!f58@VeB",
          "clientZoneVisible": false
        }
      ],
      "addressData": null,
      "suspensionReasonId": null,
      "serviceChangeRequestId": null,
      "setupFeePrice": null,
      "earlyTerminationFeePrice": null,
      "downloadSpeedOverride": null,
      "uploadSpeedOverride": null,
      "trafficShapingOverrideEnd": null,
      "trafficShapingOverrideEnabled": false,
      "servicePlanGroupId": null
    },
    "entityBeforeEdit": {
      "id": 347,
      "prepaid": false,
      "clientId": 1727,
      "status": 1,
      "name": "Internet 4Mbps",
      "fullAddress": null,
      "street1": null,
      "street2": null,
      "city": null,
      "countryId": null,
      "stateId": null,
      "zipCode": null,
      "note": null,
      "addressGpsLat": null,
      "addressGpsLon": null,
      "servicePlanId": 5,
      "servicePlanPeriodId": 25,
      "price": 40,
      "hasIndividualPrice": false,
      "totalPrice": 40,
      "currencyCode": "MWK",
      "invoiceLabel": null,
      "contractId": null,
      "contractLengthType": 1,
      "minimumContractLengthMonths": null,
      "activeFrom": "2022-06-18T00:00:00+0200",
      "activeTo": null,
      "contractEndDate": null,
      "discountType": 0,
      "discountValue": null,
      "discountInvoiceLabel": "Discount",
      "discountFrom": null,
      "discountTo": null,
      "tax1Id": null,
      "tax2Id": null,
      "tax3Id": null,
      "invoicingStart": "2022-06-18T00:00:00+0200",
      "invoicingPeriodType": 1,
      "invoicingPeriodStartDay": 18,
      "nextInvoicingDayAdjustment": 0,
      "invoicingProratedSeparately": true,
      "invoicingSeparately": false,
      "sendEmailsAutomatically": null,
      "useCreditAutomatically": true,
      "servicePlanName": "Internet 4Mbps",
      "servicePlanPrice": 40,
      "servicePlanPeriod": 1,
      "servicePlanType": "Internet",
      "downloadSpeed": 4,
      "uploadSpeed": 4,
      "hasOutage": false,
      "fccBlockId": null,
      "lastInvoicedDate": null,
      "unmsClientSiteId": "b293a423-e0ea-44a9-addf-2dbc59a297f1",
      "attributes": [
        {
          "id": "becb53ac-4a5b-4109-855c-42ef1e1cd68e",
          "serviceId": 347,
          "customAttributeId": 36,
          "name": "Device Name",
          "key": "deviceName",
          "value": "Test2",
          "clientZoneVisible": false
        },
        {
          "id": "8747f547-b1de-458b-bb43-b6a731480659",
          "serviceId": 347,
          "customAttributeId": 38,
          "name": "IP Address",
          "key": "ipAddress",
          "value": "192.168.6.118",
          "clientZoneVisible": false
        },
        {
          "id": "22c486f4-9909-4d34-851b-da1b9ec5adb4",
          "serviceId": 347,
          "customAttributeId": 40,
          "name": "Username",
          "key": "username",
          "value": "user347",
          "clientZoneVisible": false
        },
        {
          "id": "d76a7140-d407-4746-ad2b-ef365d402a2d",
          "serviceId": 347,
          "customAttributeId": 41,
          "name": "Password",
          "key": "password",
          "value": "!f58@VeB",
          "clientZoneVisible": false
        }
      ],
      "addressData": null,
      "suspensionReasonId": null,
      "serviceChangeRequestId": null,
      "setupFeePrice": null,
      "earlyTerminationFeePrice": null,
      "downloadSpeedOverride": null,
      "uploadSpeedOverride": null,
      "trafficShapingOverrideEnd": null,
      "trafficShapingOverrideEnabled": false,
      "servicePlanGroupId": null
    }
  }
}