{"assets/fonts/Fahkwang-Bold.ttf":["assets/fonts/Fahkwang-Bold.ttf"],"assets/fonts/Fahkwang-Regular.ttf":["assets/fonts/Fahkwang-Regular.ttf"],"assets/fonts/Marcellus-Regular.ttf":["assets/fonts/Marcellus-Regular.ttf"],"assets/fonts/Montserrat-Medium.ttf":["assets/fonts/Montserrat-Medium.ttf"],"assets/fonts/Montserrat-MediumItalic.ttf":["assets/fonts/Montserrat-MediumItalic.ttf"],"assets/fonts/tt0290m_.ttf":["assets/fonts/tt0290m_.ttf"],"assets/fonts/tt0291m_.ttf":["assets/fonts/tt0291m_.ttf"],"assets/fonts/tt0292m_.ttf":["assets/fonts/tt0292m_.ttf"],"assets/fonts/tt0293m_.ttf":["assets/fonts/tt0293m_.ttf"],"packages/cupertino_icons/assets/CupertinoIcons.ttf":["packages/cupertino_icons/assets/CupertinoIcons.ttf"],"packages/rflutter_alert/assets/images/close.png":["packages/rflutter_alert/assets/images/close.png","packages/rflutter_alert/assets/images/2.0x/close.png","packages/rflutter_alert/assets/images/3.0x/close.png"],"packages/rflutter_alert/assets/images/icon_error.png":["packages/rflutter_alert/assets/images/icon_error.png","packages/rflutter_alert/assets/images/2.0x/icon_error.png","packages/rflutter_alert/assets/images/3.0x/icon_error.png"],"packages/rflutter_alert/assets/images/icon_info.png":["packages/rflutter_alert/assets/images/icon_info.png","packages/rflutter_alert/assets/images/2.0x/icon_info.png","packages/rflutter_alert/assets/images/3.0x/icon_info.png"],"packages/rflutter_alert/assets/images/icon_success.png":["packages/rflutter_alert/assets/images/icon_success.png","packages/rflutter_alert/assets/images/2.0x/icon_success.png","packages/rflutter_alert/assets/images/3.0x/icon_success.png"],"packages/rflutter_alert/assets/images/icon_warning.png":["packages/rflutter_alert/assets/images/icon_warning.png","packages/rflutter_alert/assets/images/2.0x/icon_warning.png","packages/rflutter_alert/assets/images/3.0x/icon_warning.png"]}