{"assets/fonts/Fahkwang-Bold.ttf":["assets/fonts/Fahkwang-Bold.ttf"],"assets/fonts/Fahkwang-Regular.ttf":["assets/fonts/Fahkwang-Regular.ttf"],"assets/fonts/Marcellus-Regular.ttf":["assets/fonts/Marcellus-Regular.ttf"],"assets/fonts/Montserrat-Medium.ttf":["assets/fonts/Montserrat-Medium.ttf"],"assets/fonts/Montserrat-MediumItalic.ttf":["assets/fonts/Montserrat-MediumItalic.ttf"],"assets/fonts/tt0290m_.ttf":["assets/fonts/tt0290m_.ttf"],"assets/fonts/tt0291m_.ttf":["assets/fonts/tt0291m_.ttf"],"assets/fonts/tt0292m_.ttf":["assets/fonts/tt0292m_.ttf"],"assets/fonts/tt0293m_.ttf":["assets/fonts/tt0293m_.ttf"],"assets/img/splash.png":["assets/img/splash.png"],"packages/cupertino_icons/assets/CupertinoIcons.ttf":["packages/cupertino_icons/assets/CupertinoIcons.ttf"]}