[{"family":"MaterialIcons","fonts":[{"asset":"fonts/MaterialIcons-Regular.otf"}]},{"family":"Humanst","fonts":[{"asset":"assets/fonts/tt0290m_.ttf"},{"asset":"assets/fonts/tt0291m_.ttf"},{"asset":"assets/fonts/tt0292m_.ttf"},{"asset":"assets/fonts/tt0293m_.ttf"}]},{"family":"MontserratMd","fonts":[{"asset":"assets/fonts/Montserrat-Medium.ttf"},{"asset":"assets/fonts/Montserrat-MediumItalic.ttf"}]},{"family":"Marcellus","fonts":[{"asset":"assets/fonts/Marcellus-Regular.ttf"}]},{"family":"Fahkwang","fonts":[{"asset":"assets/fonts/Fahkwang-Regular.ttf"},{"asset":"assets/fonts/Fahkwang-Bold.ttf"}]},{"family":"packages/cupertino_icons/CupertinoIcons","fonts":[{"asset":"packages/cupertino_icons/assets/CupertinoIcons.ttf"}]}]