<?xml version="1.0" encoding="UTF-8"?>
<project-private xmlns="http://www.netbeans.org/ns/project-private/1">
    <editor-bookmarks xmlns="http://www.netbeans.org/ns/editor-bookmarks/2" lastBookmarkId="0"/>
    <open-files xmlns="http://www.netbeans.org/ns/projectui-open-files/2">
        <group>
            <file>file:/home/dev/NetBeansProjects/uisp-ros-plugin/src/test.json</file>
            <file>file:/home/dev/NetBeansProjects/uisp-ros-plugin/src/lib/device_account.php</file>
            <file>file:/home/dev/NetBeansProjects/uisp-ros-plugin/src/public.php</file>
        </group>
    </open-files>
</project-private>
